dataset_legivel,documento,taxa_encontrado,sim_media_geral
conhecimento_12,AALM_1_Escritura-Escritura_20210715_000.pdf,0.20833333333333334,0.9450037131706873
conhecimento_12,AALM_2_Escritura-Escritura_20240908_000.pdf,0.9583333333333334,0.8559271867076556
conhecimento_12,AASN_1_Escritura-Escritura_20220506_000.pdf,0.9583333333333334,0.849078893622694
conhecimento_12,ABSP_2_Escritura-Escritura_20241010_000.pdf,0.9583333333333334,0.8390342481434345
conhecimento_12,ACMB_3_Escritura-Escritura_20241010_000.pdf,0.8958333333333334,0.8099681884050369
conhecimento_12,ADAG_1_Escritura-Escritura_20201124_000.pdf,1.0,0.892192413409551
conhecimento_12,ADGE12_Escritura-Escritura_20230321_000.pdf,1.0,0.8874861299991608
conhecimento_12,ADGE_3_Escritura-Escritura_20230427_000.pdf,0.8958333333333334,0.8956751935184002
conhecimento_12,ADPA_1_Escritura-Escritura_20250613_000.pdf,0.9583333333333334,0.8063256793345014
conhecimento_12,ADPD_1_Escritura-Escritura_20250613_000.pdf,0.8958333333333334,0.7728116943811377
conhecimento_12,AEAB11_Escritura-Escritura_20220614_000.pdf,0.9791666666666666,0.8736753600339094
conhecimento_12,AEAM_1_Escritura-Escritura_20210913_000.pdf,0.9166666666666666,0.9069843317071596
conhecimento_12,AEGE_6_Escritura-Escritura_20240219_000.pdf,0.9166666666666666,0.8147008294860522
conhecimento_12,AEGE_7_Escritura-Escritura_20241105_000.pdf,0.8333333333333334,0.7213846122225126
conhecimento_12,AEGP_11_Escritura-Escritura_20220801_000.pdf,0.9375,0.8231636447211107
conhecimento_12,AEGP_13_Escritura-Escritura_20230302_000.pdf,0.9791666666666666,0.8401810737947623
conhecimento_12,AEGP_18_Escritura-Escritura_20231002_000.pdf,0.9375,0.79582146803538
conhecimento_12,AEGP_19_Escritura-Escritura_20240605_000.pdf,1.0,0.8477525555839142
conhecimento_12,AEGP_20_Escritura-Escritura_20240702_000.pdf,0.9583333333333334,0.8493916975955168
conhecimento_12,AEGP_7_Escritura-Escritura_20210412_000.pdf,0.9791666666666666,0.8651766565938791
conhecimento_12,AEGP_9_Escritura-Escritura_20210916_000.pdf,1.0,0.8216180009767413
conhecimento_12,AENE_1_Escritura-Escritura_20220610_000.pdf,0.8541666666666666,0.7885937914252281
conhecimento_12,AEPA_6_Escritura-Escritura_20211119_000.pdf,0.9583333333333334,0.8856144820650419
conhecimento_12,AGAU_2_Escritura-Escritura_20210805_001.pdf,1.0,0.8977728337049484
conhecimento_12,AGNN_2_Escritura-Escritura_20201026_000.pdf,0.9791666666666666,0.8629553162803253
conhecimento_12,ALGA_10_Escritura-Escritura_20200409_000.pdf,0.9791666666666666,0.8524524979293346
conhecimento_12,ALGA_12_Escritura-Escritura_20220113_000.pdf,0.9375,0.7923650530477365
conhecimento_12,ALGTA3_Escritura-Escritura_20230216_000.pdf,0.9583333333333334,0.870298445224762
conhecimento_12,ANDA_1_Escritura-Escritura_20210315_000.pdf,1.0,0.9182822654644648
conhecimento_12,ANIM_3_Escritura-Escritura_20210414_000.pdf,0.9375,0.845603014032046
conhecimento_12,ANIM_7_Escritura-Escritura_20250508_000.pdf,0.9375,0.8668620971341928
conhecimento_12,ASCY13_Escritura-Escritura_20230214_000.pdf,1.0,0.897032572577397
conhecimento_12,ASCY_4_Escritura-Escritura_20240228_000.pdf,1.0,0.8755906894803047
conhecimento_12,ATMP_7_Escritura-Escritura_20200813_003.pdf,0.9791666666666666,0.8528709275027117
conhecimento_12,BAME_1_Escritura-Escritura_20220916_000.pdf,1.0,0.9067219893137614
conhecimento_12,BRKM_17_Escritura-Escritura_20220822_000.pdf,0.875,0.8498120487978061
conhecimento_12,BTEL_2_Escritura-Escritura_20220609_001.pdf,0.9791666666666666,0.8560588440547386
conhecimento_12,CBSS_3_Escritura-Escritura_20231003_000.pdf,0.875,0.7929510238269964
conhecimento_12,CHMB11_Escritura-Escritura_20230309_000.pdf,1.0,0.8664905242621899
conhecimento_12,CLIS_3_Escritura-Escritura_20250129_000.pdf,0.9375,0.8302999685208002
conhecimento_12,CMIN_2_Escritura-Escritura_20220712_002.pdf,0.8958333333333334,0.7666795204083124
conhecimento_12,COGN_10_Escritura-Escritura_20230801_000.pdf,0.9583333333333334,0.8437528889626265
conhecimento_12,COGN_14_Escritura-Escritura_20241119_000.pdf,0.3541666666666667,0.8749800398945808
conhecimento_12,COGN_6_Escritura-Escritura_20200515_000.pdf,0.9791666666666666,0.887717179954052
conhecimento_12,COGN_7_Escritura-Escritura_20210715_000.pdf,0.9583333333333334,0.866001800323526
conhecimento_12,COGN_9_Escritura-Escritura_20230120_000.pdf,1.0,0.8949816854049762
conhecimento_12,DMRJ_4_Escritura-Escritura_20231212_000.pdf,1.0,0.8492717506984869
conhecimento_12,ELKZ12_Escritura_20180614_000.pdf,1.0,0.8722417367001375
conhecimento_12,HGLB_3_Escritura-Escritura_20241025_000.pdf,0.9375,0.8525948176781336
conhecimento_12,KATR12_Escritura-Escritura_20221129_000.pdf,1.0,0.8843805777529875
conhecimento_12,KNST19_Escritura-Escritura_20250707_000.pdf,0.8541666666666666,0.8540717735886574
conhecimento_12,LINS_2_Escritura-Escritura_20240603_000.pdf,0.9583333333333334,0.8489837919672331
conhecimento_12,LVTC_2_Escritura-Escritura_20220601_000.pdf,1.0,0.9085451861222585
conhecimento_12,LWAT_1_Escritura-Escritura_20240304_000.pdf,0.9791666666666666,0.852643166979154
conhecimento_12,MMIP_2_Escritura-Escritura_20220805_000.pdf,0.9375,0.8264356280366579
conhecimento_12,MMIP_5_Escritura-Escritura_20250414_000.pdf,0.9166666666666666,0.8239252232015133
conhecimento_12,MRFG_10_Escritura-Escritura_20220128_000.pdf,0.9791666666666666,0.8976674924294153
conhecimento_12,MRFG_11_Escritura-Escritura_20221110_000.pdf,0.9583333333333334,0.9044704126815001
conhecimento_12,MRFG_17_Escritura-Escritura_20240816_000.pdf,0.9791666666666666,0.8691305555403233
conhecimento_12,NISS_4_Escritura-Escritura_20220713_000.pdf,0.9791666666666666,0.8534604571759701
conhecimento_12,NOWS_1_Escritura-Escritura_20211105_000.pdf,0.9791666666666666,0.8683435333271822
conhecimento_12,NRSA_2_Escritura-Escritura_20190530_000.pdf,0.9791666666666666,0.8885935066888729
conhecimento_12,NTON_3_Escritura-Escritura_20240112_000.pdf,0.9166666666666666,0.8245238537589709
conhecimento_12,OCRM_1_Escritura-Escritura_20211008_000.pdf,0.9791666666666666,0.8761846280346314
conhecimento_12,OIWI12_Escritura-Escritura_20230127_000.pdf,1.0,0.864712821242089
conhecimento_12,PCHS_20_Escritura-Escritura_20250904_000.pdf,0.9583333333333334,0.8724936631818613
conhecimento_12,PCHS_5_Escritura-Escritura_20231109_000.pdf,0.9583333333333334,0.880006205290556
conhecimento_12,RADL_2_Escritura_20180326_000.pdf,1.0,0.8271494290481011
conhecimento_12,RBHO_5_Escritura_20180418_000.pdf,1.0,0.8654128008832535
conhecimento_12,RHAG_3_Escritura-Escritura_20240718_000.pdf,0.9583333333333334,0.8786680238942305
conhecimento_12,RNVA_1_Escritura-Escritura_20210401_000.pdf,0.8958333333333334,0.8674968625806893
conhecimento_12,RODC_3_Escritura-Escritura_20250523_000.pdf,0.9791666666666666,0.8760869167745113
conhecimento_12,SAPE_2_Escritura-Escritura_20211105_000.pdf,1.0,0.870400233194232
conhecimento_12,SBFC_3_Escritura-Escritura_20220330_000.pdf,0.9583333333333334,0.8711226085821787
conhecimento_12,SMTO_3_Escritura-Escritura_20210622_000.pdf,0.9791666666666666,0.8732893442114195
conhecimento_12,SMTO_4_Escritura-Escritura_20220117_000.pdf,0.8541666666666666,0.7522156847019991
conhecimento_12,SMTO_5_Escritura-Escritura_20221221_000.pdf,0.9583333333333334,0.8419398578504721
conhecimento_12,SSED_1_Escritura_20180628_000.pdf,0.9166666666666666,0.8174491015573343
conhecimento_12,STCL_1_Escritura-Escritura_20250221_000.pdf,1.0,0.8621085236469904
conhecimento_12,TMER_2_Escritura-Escritura_20240202_000.pdf,0.8125,0.8187752577165762
conhecimento_12,TNDA_4_Escritura-Escritura_20250820_000.pdf,0.9375,0.8175157320996126
conhecimento_12,TPER_1_Escritura-Escritura_20231221_001.pdf,0.8541666666666666,0.8411584546168646
conhecimento_12,TRGP_1_Escritura-Escritura_20240611_000.pdf,1.0,0.9051737636327744
conhecimento_12,TRPL_15_Escritura-Escritura_20240216_000.pdf,0.9375,0.885236299286286
conhecimento_12,TVXV_1_Escritura-Escritura_20210111_000.pdf,0.9375,0.870058186352253
conhecimento_12,UFVP_1_Escritura-Escritura_20220916_000.pdf,0.9166666666666666,0.8784664832055569
conhecimento_12,UHEJ11_Escritura-Escritura_20250617_000.pdf,1.0,0.8961092419922352
conhecimento_12,VARZ_1_Escritura-Escritura_20221128_000.pdf,0.8958333333333334,0.8516196105629206
conhecimento_12,VECS_1_Escritura-Escritura_20220705_000.pdf,0.9375,0.8710696746905645
conhecimento_12,VIIA_9_Escritura-Escritura_20230505_000.pdf,1.0,0.9359508727987608
conhecimento_12,VSCF_8_Escritura-Escritura_20250117_000.pdf,0.875,0.7648248026768366
conhecimento_12,VSUL_1_Escritura-Escritura_20190915_000.pdf,0.9791666666666666,0.8989690157274405
conhecimento_12,VTRU16_Escritura-Escritura_20251020_000.pdf,0.8541666666666666,0.8084158462782701
conhecimento_12,VVEO_6_Escritura-Escritura_20221019_000.pdf,0.8125,0.6985456372300783
conhecimento_12,VVEO_7_Escritura-Escritura_20250430_000.pdf,0.6458333333333334,0.663761475433906
conhecimento_12,VVTS_3_Escritura-Escritura_20211005_000.pdf,0.9375,0.81687510261933
conhecimento_12,WWAV_3_Escritura-Escritura_20221124_000.pdf,0.9375,0.830502654115359
conhecimento_12,XPEN_1_Escritura-Escritura_20211206_000.pdf,0.8958333333333334,0.899364939580361
conhecimento_12,XXIX21_Escritura-Escritura_20230112_000.pdf,0.9166666666666666,0.904327904805541
conhecimento_12,ZMPT_1_Escritura_20180611_000.pdf,0.25,0.8104309619714817
topics,AALM_1_Escritura-Escritura_20210715_000.pdf,0.2708333333333333,0.8865765358010927
topics,AALM_2_Escritura-Escritura_20240908_000.pdf,0.9375,0.8578510520358881
topics,AASN_1_Escritura-Escritura_20220506_000.pdf,0.9166666666666666,0.8839888516813517
topics,ABSP_2_Escritura-Escritura_20241010_000.pdf,0.9791666666666666,0.8425217124943932
topics,ACMB_3_Escritura-Escritura_20241010_000.pdf,0.9375,0.8055620069305102
topics,ADAG_1_Escritura-Escritura_20201124_000.pdf,0.9583333333333334,0.8200828166057667
topics,ADGE12_Escritura-Escritura_20230321_000.pdf,1.0,0.887358176211516
topics,ADGE_3_Escritura-Escritura_20230427_000.pdf,0.9166666666666666,0.8927512678007284
topics,ADPA_1_Escritura-Escritura_20250613_000.pdf,0.9583333333333334,0.8001011783878008
topics,ADPD_1_Escritura-Escritura_20250613_000.pdf,0.9791666666666666,0.805768558755517
topics,AEAB11_Escritura-Escritura_20220614_000.pdf,0.9583333333333334,0.8334093056619167
topics,AEAM_1_Escritura-Escritura_20210913_000.pdf,0.9166666666666666,0.8969492961963018
topics,AEGE_6_Escritura-Escritura_20240219_000.pdf,1.0,0.8448336484531561
topics,AEGE_7_Escritura-Escritura_20241105_000.pdf,1.0,0.876404657959938
topics,AEGP_11_Escritura-Escritura_20220801_000.pdf,0.9791666666666666,0.8482875823974609
topics,AEGP_13_Escritura-Escritura_20230302_000.pdf,1.0,0.8391185806443294
topics,AEGP_18_Escritura-Escritura_20231002_000.pdf,0.9583333333333334,0.8347899615764618
topics,AEGP_19_Escritura-Escritura_20240605_000.pdf,0.9791666666666666,0.8587544361750284
topics,AEGP_20_Escritura-Escritura_20240702_000.pdf,0.9791666666666666,0.8624093346297741
topics,AEGP_7_Escritura-Escritura_20210412_000.pdf,1.0,0.8552919179201126
topics,AEGP_9_Escritura-Escritura_20210916_000.pdf,1.0,0.8877392336726189
topics,AENE_1_Escritura-Escritura_20220610_000.pdf,0.9791666666666666,0.8579714174071947
topics,AEPA_6_Escritura-Escritura_20211119_000.pdf,0.9583333333333334,0.8489243605484565
topics,AGAU_2_Escritura-Escritura_20210805_001.pdf,0.9791666666666666,0.8442428161700567
topics,AGNN_2_Escritura-Escritura_20201026_000.pdf,0.9583333333333334,0.8521398566663265
topics,ALGA_10_Escritura-Escritura_20200409_000.pdf,1.0,0.8755783587694168
topics,ALGA_12_Escritura-Escritura_20220113_000.pdf,0.8958333333333334,0.7438365593552589
topics,ALGTA3_Escritura-Escritura_20230216_000.pdf,0.9583333333333334,0.8562041508654753
topics,ANDA_1_Escritura-Escritura_20210315_000.pdf,1.0,0.8465780851741632
topics,ANIM_3_Escritura-Escritura_20210414_000.pdf,0.9583333333333334,0.8027506818373998
topics,ANIM_7_Escritura-Escritura_20250508_000.pdf,1.0,0.8932736478745937
topics,ASCY13_Escritura-Escritura_20230214_000.pdf,1.0,0.9139032798508803
topics,ASCY_4_Escritura-Escritura_20240228_000.pdf,1.0,0.8667480243990818
topics,ATMP_7_Escritura-Escritura_20200813_003.pdf,0.9583333333333334,0.8110991983364025
topics,BAME_1_Escritura-Escritura_20220916_000.pdf,1.0,0.871595960110426
topics,BRKM_17_Escritura-Escritura_20220822_000.pdf,0.9375,0.844746100405852
topics,BTEL_2_Escritura-Escritura_20220609_001.pdf,0.9791666666666666,0.84566630423069
topics,CBSS_3_Escritura-Escritura_20231003_000.pdf,0.9583333333333334,0.8119211234152317
topics,CHMB11_Escritura-Escritura_20230309_000.pdf,1.0,0.8941138405352831
topics,CLIS_3_Escritura-Escritura_20250129_000.pdf,1.0,0.8501260969787836
topics,CMIN_2_Escritura-Escritura_20220712_002.pdf,0.9166666666666666,0.788571136072278
topics,COGN_10_Escritura-Escritura_20230801_000.pdf,1.0,0.8135649797817072
topics,COGN_14_Escritura-Escritura_20241119_000.pdf,0.22916666666666666,0.888660803437233
topics,COGN_6_Escritura-Escritura_20200515_000.pdf,0.9583333333333334,0.8097279655436674
topics,COGN_7_Escritura-Escritura_20210715_000.pdf,1.0,0.8552176517744859
topics,COGN_9_Escritura-Escritura_20230120_000.pdf,0.9583333333333334,0.8161053992807865
topics,DMRJ_4_Escritura-Escritura_20231212_000.pdf,0.9791666666666666,0.8309489724536737
topics,ELKZ12_Escritura_20180614_000.pdf,1.0,0.8893075324594975
topics,HGLB_3_Escritura-Escritura_20241025_000.pdf,1.0,0.8520644847303629
topics,KATR12_Escritura-Escritura_20221129_000.pdf,0.9791666666666666,0.8484103139489889
topics,KNST19_Escritura-Escritura_20250707_000.pdf,0.9166666666666666,0.8778196753313144
topics,LINS_2_Escritura-Escritura_20240603_000.pdf,1.0,0.8718528933823109
topics,LVTC_2_Escritura-Escritura_20220601_000.pdf,0.9375,0.8326873487482468
topics,LWAT_1_Escritura-Escritura_20240304_000.pdf,0.9791666666666666,0.8636615176995596
topics,MMIP_2_Escritura-Escritura_20220805_000.pdf,0.9791666666666666,0.807828813791275
topics,MMIP_5_Escritura-Escritura_20250414_000.pdf,1.0,0.8484932898233334
topics,MRFG_10_Escritura-Escritura_20220128_000.pdf,1.0,0.8524315444131693
topics,MRFG_11_Escritura-Escritura_20221110_000.pdf,1.0,0.8473009907950958
topics,MRFG_17_Escritura-Escritura_20240816_000.pdf,1.0,0.8654739943643411
topics,NISS_4_Escritura-Escritura_20220713_000.pdf,0.9375,0.8487224417428175
topics,NOWS_1_Escritura-Escritura_20211105_000.pdf,0.9375,0.8081659314533075
topics,NRSA_2_Escritura-Escritura_20190530_000.pdf,1.0,0.8739486994842688
topics,NTON_3_Escritura-Escritura_20240112_000.pdf,0.9583333333333334,0.8488969542086124
topics,OCRM_1_Escritura-Escritura_20211008_000.pdf,0.9791666666666666,0.8249294565369686
topics,OIWI12_Escritura-Escritura_20230127_000.pdf,1.0,0.8612090647220612
topics,PCHS_20_Escritura-Escritura_20250904_000.pdf,0.7916666666666666,0.7837457895899812
topics,PCHS_5_Escritura-Escritura_20231109_000.pdf,0.9583333333333334,0.892436970025301
topics,RADL_2_Escritura_20180326_000.pdf,0.9583333333333334,0.7953240027030309
topics,RBHO_5_Escritura_20180418_000.pdf,0.9791666666666666,0.8398906961083412
topics,RHAG_3_Escritura-Escritura_20240718_000.pdf,0.9583333333333334,0.85017019448181
topics,RNVA_1_Escritura-Escritura_20210401_000.pdf,0.9166666666666666,0.8965596780180931
topics,RODC_3_Escritura-Escritura_20250523_000.pdf,0.9791666666666666,0.8612079185744127
topics,SAPE_2_Escritura-Escritura_20211105_000.pdf,1.0,0.9166757153968016
topics,SBFC_3_Escritura-Escritura_20220330_000.pdf,0.9791666666666666,0.8793040203551451
topics,SMTO_3_Escritura-Escritura_20210622_000.pdf,0.9583333333333334,0.8265538873771826
topics,SMTO_4_Escritura-Escritura_20220117_000.pdf,1.0,0.8289285628125072
topics,SMTO_5_Escritura-Escritura_20221221_000.pdf,0.9791666666666666,0.8156257172425588
topics,SSED_1_Escritura_20180628_000.pdf,0.9166666666666666,0.7780328492323557
topics,STCL_1_Escritura-Escritura_20250221_000.pdf,1.0,0.8925380818545818
topics,TMER_2_Escritura-Escritura_20240202_000.pdf,0.9166666666666666,0.8661993369460106
topics,TNDA_4_Escritura-Escritura_20250820_000.pdf,1.0,0.8461038215706745
topics,TPER_1_Escritura-Escritura_20231221_001.pdf,0.7916666666666666,0.7991348554690679
topics,TRGP_1_Escritura-Escritura_20240611_000.pdf,0.9791666666666666,0.868619641289115
topics,TRPL_15_Escritura-Escritura_20240216_000.pdf,0.9166666666666666,0.8155911906311909
topics,TVXV_1_Escritura-Escritura_20210111_000.pdf,0.9375,0.8723674366871516
topics,UFVP_1_Escritura-Escritura_20220916_000.pdf,0.9166666666666666,0.9056709539145231
topics,UHEJ11_Escritura-Escritura_20250617_000.pdf,0.9375,0.8243571377048889
topics,VARZ_1_Escritura-Escritura_20221128_000.pdf,0.8958333333333334,0.8374953052649895
topics,VECS_1_Escritura-Escritura_20220705_000.pdf,0.9375,0.7745116700728735
topics,VIIA_9_Escritura-Escritura_20230505_000.pdf,1.0,0.8886092007160187
topics,VSCF_8_Escritura-Escritura_20250117_000.pdf,0.9166666666666666,0.850090284521381
topics,VSUL_1_Escritura-Escritura_20190915_000.pdf,0.9583333333333334,0.8593466362605492
topics,VTRU16_Escritura-Escritura_20251020_000.pdf,0.9583333333333334,0.8405034330983957
topics,VVEO_6_Escritura-Escritura_20221019_000.pdf,0.9583333333333334,0.8557800371199846
topics,VVEO_7_Escritura-Escritura_20250430_000.pdf,0.9166666666666666,0.8046291992068291
topics,VVTS_3_Escritura-Escritura_20211005_000.pdf,0.875,0.7668789438903332
topics,WWAV_3_Escritura-Escritura_20221124_000.pdf,0.9791666666666666,0.8432894038657347
topics,XPEN_1_Escritura-Escritura_20211206_000.pdf,0.9166666666666666,0.9041712588320175
topics,XXIX21_Escritura-Escritura_20230112_000.pdf,0.9375,0.8115304273863634
topics,ZMPT_1_Escritura_20180611_000.pdf,0.4791666666666667,0.5808650472511848
zeroshoot,AALM_1_Escritura-Escritura_20210715_000.pdf,0.375,0.781298724313577
zeroshoot,AALM_2_Escritura-Escritura_20240908_000.pdf,0.9583333333333334,0.8370140890280405
zeroshoot,AASN_1_Escritura-Escritura_20220506_000.pdf,0.9375,0.8815012772878011
zeroshoot,ABSP_2_Escritura-Escritura_20241010_000.pdf,0.8541666666666666,0.7248631945500771
zeroshoot,ACMB_3_Escritura-Escritura_20241010_000.pdf,1.0,0.8089627760152022
zeroshoot,ADAG_1_Escritura-Escritura_20201124_000.pdf,1.0,0.8770422277351221
zeroshoot,ADGE12_Escritura-Escritura_20230321_000.pdf,0.9583333333333334,0.8679373444368442
zeroshoot,ADGE_3_Escritura-Escritura_20230427_000.pdf,0.8541666666666666,0.7310740891844034
zeroshoot,ADPA_1_Escritura-Escritura_20250613_000.pdf,0.75,0.6169916975001494
zeroshoot,ADPD_1_Escritura-Escritura_20250613_000.pdf,0.8958333333333334,0.7867503383507332
zeroshoot,AEAB11_Escritura-Escritura_20220614_000.pdf,1.0,0.8829694588979086
zeroshoot,AEAM_1_Escritura-Escritura_20210913_000.pdf,0.9166666666666666,0.7675668491671482
zeroshoot,AEGE_6_Escritura-Escritura_20240219_000.pdf,0.875,0.685882861725986
zeroshoot,AEGE_7_Escritura-Escritura_20241105_000.pdf,0.9791666666666666,0.7805523813391725
zeroshoot,AEGP_11_Escritura-Escritura_20220801_000.pdf,0.8541666666666666,0.7362879278759161
zeroshoot,AEGP_13_Escritura-Escritura_20230302_000.pdf,0.9166666666666666,0.7751344020167986
zeroshoot,AEGP_18_Escritura-Escritura_20231002_000.pdf,0.9375,0.7396334512159228
zeroshoot,AEGP_19_Escritura-Escritura_20240605_000.pdf,0.875,0.6776742739602923
zeroshoot,AEGP_20_Escritura-Escritura_20240702_000.pdf,0.9583333333333334,0.7860449900229772
zeroshoot,AEGP_7_Escritura-Escritura_20210412_000.pdf,0.9583333333333334,0.8003929915527502
zeroshoot,AEGP_9_Escritura-Escritura_20210916_000.pdf,0.7708333333333334,0.6618270389735699
zeroshoot,AENE_1_Escritura-Escritura_20220610_000.pdf,0.9791666666666666,0.8831295656661192
zeroshoot,AEPA_6_Escritura-Escritura_20211119_000.pdf,0.9791666666666666,0.8644140387574831
zeroshoot,AGAU_2_Escritura-Escritura_20210805_001.pdf,1.0,0.8602441642433405
zeroshoot,AGNN_2_Escritura-Escritura_20201026_000.pdf,0.8958333333333334,0.7799131646752357
zeroshoot,ALGA_10_Escritura-Escritura_20200409_000.pdf,1.0,0.8494095827142397
zeroshoot,ALGA_12_Escritura-Escritura_20220113_000.pdf,0.9166666666666666,0.803162599603335
zeroshoot,ALGTA3_Escritura-Escritura_20230216_000.pdf,0.9375,0.8357514838377634
zeroshoot,ANDA_1_Escritura-Escritura_20210315_000.pdf,1.0,0.8999776132404804
zeroshoot,ANIM_3_Escritura-Escritura_20210414_000.pdf,0.9375,0.8222793587483466
zeroshoot,ANIM_7_Escritura-Escritura_20250508_000.pdf,0.875,0.7299516138931116
zeroshoot,ASCY13_Escritura-Escritura_20230214_000.pdf,1.0,0.8483315234382948
zeroshoot,ASCY_4_Escritura-Escritura_20240228_000.pdf,0.9375,0.8212808147072792
zeroshoot,ATMP_7_Escritura-Escritura_20200813_003.pdf,0.9791666666666666,0.8496462168792883
zeroshoot,BAME_1_Escritura-Escritura_20220916_000.pdf,1.0,0.8911073145767053
zeroshoot,BRKM_17_Escritura-Escritura_20220822_000.pdf,0.8958333333333334,0.8505254921813806
zeroshoot,BTEL_2_Escritura-Escritura_20220609_001.pdf,0.8125,0.6988905910402536
zeroshoot,CBSS_3_Escritura-Escritura_20231003_000.pdf,0.875,0.7800994434704384
zeroshoot,CHMB11_Escritura-Escritura_20230309_000.pdf,0.875,0.7485254711161057
zeroshoot,CLIS_3_Escritura-Escritura_20250129_000.pdf,1.0,0.8441821429878473
zeroshoot,CMIN_2_Escritura-Escritura_20220712_002.pdf,0.9166666666666666,0.7785094684610764
zeroshoot,COGN_10_Escritura-Escritura_20230801_000.pdf,1.0,0.8411843273788691
zeroshoot,COGN_14_Escritura-Escritura_20241119_000.pdf,0.4166666666666667,0.7628033086657524
zeroshoot,COGN_6_Escritura-Escritura_20200515_000.pdf,0.9791666666666666,0.8870495222508907
zeroshoot,COGN_7_Escritura-Escritura_20210715_000.pdf,0.9166666666666666,0.8124170092244943
zeroshoot,COGN_9_Escritura-Escritura_20230120_000.pdf,1.0,0.8689965779582659
zeroshoot,DMRJ_4_Escritura-Escritura_20231212_000.pdf,1.0,0.9123663802941641
zeroshoot,ELKZ12_Escritura_20180614_000.pdf,1.0,0.8918242380023003
zeroshoot,HGLB_3_Escritura-Escritura_20241025_000.pdf,0.9583333333333334,0.8367945868521929
zeroshoot,KATR12_Escritura-Escritura_20221129_000.pdf,1.0,0.8846471744279066
zeroshoot,KNST19_Escritura-Escritura_20250707_000.pdf,0.8958333333333334,0.817494816146791
zeroshoot,LINS_2_Escritura-Escritura_20240603_000.pdf,0.9583333333333334,0.8424518890678883
zeroshoot,LVTC_2_Escritura-Escritura_20220601_000.pdf,1.0,0.893969938158989
zeroshoot,LWAT_1_Escritura-Escritura_20240304_000.pdf,1.0,0.8963521495461464
zeroshoot,MMIP_2_Escritura-Escritura_20220805_000.pdf,1.0,0.839705782632033
zeroshoot,MMIP_5_Escritura-Escritura_20250414_000.pdf,0.9375,0.7847213173906008
zeroshoot,MRFG_10_Escritura-Escritura_20220128_000.pdf,0.9791666666666666,0.8759720250964165
zeroshoot,MRFG_11_Escritura-Escritura_20221110_000.pdf,0.9791666666666666,0.8259463980793953
zeroshoot,MRFG_17_Escritura-Escritura_20240816_000.pdf,0.9791666666666666,0.875287976115942
zeroshoot,NISS_4_Escritura-Escritura_20220713_000.pdf,0.9583333333333334,0.8066595308482647
zeroshoot,NOWS_1_Escritura-Escritura_20211105_000.pdf,0.9791666666666666,0.8372169081121683
zeroshoot,NRSA_2_Escritura-Escritura_20190530_000.pdf,0.9791666666666666,0.8293891965101162
zeroshoot,NTON_3_Escritura-Escritura_20240112_000.pdf,0.9583333333333334,0.8330684918910265
zeroshoot,OCRM_1_Escritura-Escritura_20211008_000.pdf,0.9791666666666666,0.8746462874114513
zeroshoot,OIWI12_Escritura-Escritura_20230127_000.pdf,0.9583333333333334,0.8527978844940662
zeroshoot,PCHS_20_Escritura-Escritura_20250904_000.pdf,0.8958333333333334,0.7723461091518402
zeroshoot,PCHS_5_Escritura-Escritura_20231109_000.pdf,0.9791666666666666,0.826243955331544
zeroshoot,RADL_2_Escritura_20180326_000.pdf,0.9375,0.7962264859428009
zeroshoot,RBHO_5_Escritura_20180418_000.pdf,1.0,0.8611614853143692
zeroshoot,RHAG_3_Escritura-Escritura_20240718_000.pdf,1.0,0.8441762508203586
zeroshoot,RNVA_1_Escritura-Escritura_20210401_000.pdf,0.9166666666666666,0.8269498012959957
zeroshoot,RODC_3_Escritura-Escritura_20250523_000.pdf,0.9375,0.7950446407000223
zeroshoot,SAPE_2_Escritura-Escritura_20211105_000.pdf,0.9375,0.85402158771952
zeroshoot,SBFC_3_Escritura-Escritura_20220330_000.pdf,0.9583333333333334,0.8575001234809557
zeroshoot,SMTO_3_Escritura-Escritura_20210622_000.pdf,0.8958333333333334,0.7909883962323269
zeroshoot,SMTO_4_Escritura-Escritura_20220117_000.pdf,0.9166666666666666,0.7701911069452763
zeroshoot,SMTO_5_Escritura-Escritura_20221221_000.pdf,1.0,0.9099102541804314
zeroshoot,SSED_1_Escritura_20180628_000.pdf,1.0,0.8686394014706215
zeroshoot,STCL_1_Escritura-Escritura_20250221_000.pdf,1.0,0.9149486136933168
zeroshoot,TMER_2_Escritura-Escritura_20240202_000.pdf,0.8333333333333334,0.7658066588143507
zeroshoot,TNDA_4_Escritura-Escritura_20250820_000.pdf,0.9583333333333334,0.851554403702418
zeroshoot,TPER_1_Escritura-Escritura_20231221_001.pdf,0.8541666666666666,0.8135629755755266
zeroshoot,TRGP_1_Escritura-Escritura_20240611_000.pdf,0.9791666666666666,0.86874291797479
zeroshoot,TRPL_15_Escritura-Escritura_20240216_000.pdf,1.0,0.7890953167031208
zeroshoot,TVXV_1_Escritura-Escritura_20210111_000.pdf,0.625,0.511027637248238
zeroshoot,UFVP_1_Escritura-Escritura_20220916_000.pdf,0.7708333333333334,0.7006590192516645
zeroshoot,UHEJ11_Escritura-Escritura_20250617_000.pdf,1.0,0.8883991135905186
zeroshoot,VARZ_1_Escritura-Escritura_20221128_000.pdf,0.9166666666666666,0.868765210111936
zeroshoot,VECS_1_Escritura-Escritura_20220705_000.pdf,0.9791666666666666,0.8188446934024493
zeroshoot,VIIA_9_Escritura-Escritura_20230505_000.pdf,0.9166666666666666,0.7939556731532017
zeroshoot,VSCF_8_Escritura-Escritura_20250117_000.pdf,0.9166666666666666,0.7528549867371718
zeroshoot,VSUL_1_Escritura-Escritura_20190915_000.pdf,0.9583333333333334,0.8533976761003336
zeroshoot,VTRU16_Escritura-Escritura_20251020_000.pdf,0.9375,0.849257988234361
zeroshoot,VVEO_6_Escritura-Escritura_20221019_000.pdf,0.8125,0.6854457830389341
zeroshoot,VVEO_7_Escritura-Escritura_20250430_000.pdf,0.7291666666666666,0.5922734119618932
zeroshoot,VVTS_3_Escritura-Escritura_20211005_000.pdf,0.9791666666666666,0.8495107231040796
zeroshoot,WWAV_3_Escritura-Escritura_20221124_000.pdf,0.8958333333333334,0.770870187630256
zeroshoot,XPEN_1_Escritura-Escritura_20211206_000.pdf,0.9583333333333334,0.8599738578001658
zeroshoot,XXIX21_Escritura-Escritura_20230112_000.pdf,0.9375,0.885730599363645
zeroshoot,ZMPT_1_Escritura_20180611_000.pdf,0.25,0.7807548517982165
