dataset_legivel,documento,topico,silver_label,resp_Claude_Sonnet_4.5_Com_,resp_GPT-5.1_Com_raciocínio,resp_Grok_4.1_Com_raciocíni,resp_Sonar,revisao_humana,gabarito
conhecimento_12,AALM_1_Escritura-Escritura_20210715_000.pdf,DATA_DE_EMISSAO,Não encontrado,15 de julho de 2021,Não encontrado,Não encontrado,Não encontrado,TRUE,
conhecimento_12,AALM_1_Escritura-Escritura_20210715_000.pdf,NUMERO_DA_EMISSAO,Não encontrado,1ª emissão,Não encontrado,Não encontrado,Não encontrado,FALSE,1ª emissão
conhecimento_12,AALM_2_Escritura-Escritura_20240908_000.pdf,COVENANTS_FINANCEIROS,Não encontrado,Não encontrado,"Índices Financeiros (Dívida Líquida/EBITDA): (a) Aura Minerals: Dívida Líquida/EBITDA deve ser igual ou inferior a 2,75x (Índice Financeiro Inicial) e, adicionalmente para distribuição de dividendos, deve ser igual ou inferior a 1,75x; (b) Emissora (Índice Financeiro Posterior): até 31 de dezembro de 2026, Dívida Líquida/EBITDA menor ou igual a 2,00x; a partir de 31 de março de 2027 até a Data de Vencimento, menor ou igual a 1,50x.",Não encontrado,"Dívida Líquida/EBITDA ≤ 2,00x até 31/12/2026 e ≤ 1,50x a partir de 31/03/2027",FLASE,"Dívida Líquida/EBITDA ≤ 2,00x até 31/12/2026 e ≤ 1,50x a partir de 31/03/2027"
conhecimento_12,AASN_1_Escritura-Escritura_20220506_000.pdf,COVENANTS_FINANCEIROS,Não encontrado,Não encontrado,Não encontrado,"Múltiplos Eventos de Vencimento Antecipado incluindo: (i) descumprimento de obrigações pecuniárias; (ii) falência do Acionista, Águas do Sertão ou Emissora; (iii) fusão, liquidação, cisão ou reorganização societária da Emissora; (iv) alteração ou transferência de controle societário; (v) pagamento de lucros/dividendos não aprovados; (vi) cessão de obrigações; (vii) insuficiência de Alienação Fiduciária de Ações; (viii) rescisão do Contrato de Concessão dos Serviços Públicos; (ix) Thresholds financeiros: protestos acima de R$ 5.000.000,00; inadimplemento acima de R$ 5.000.000,00; inscrição em cadastros de proteção ao crédito acima de R$ 5.000.000,00; desapropriação acima de R$ 5.000.000,00",índices financeiros gerais,TRUE,
conhecimento_12,ADPA_1_Escritura-Escritura_20250613_000.pdf,COVENANTS_FINANCEIROS,Não encontrado,Não encontrado,"Índice financeiro Dívida Financeira Líquida/EBITDA menor ou igual a 4,00x, apurado semestralmente com base nas demonstrações financeiras consolidadas da AEGEA.",Não encontrado,"Dívida Líquida/EBITDA menor ou igual a 4,00x",FALSE,"Índice financeiro Dívida Financeira Líquida/EBITDA menor ou igual a 4,00x, apurado semestralmente com base nas demonstrações financeiras consolidadas da AEGEA."
conhecimento_12,ADPD_1_Escritura-Escritura_20250613_000.pdf,COVENANTS_FINANCEIROS,Não encontrado,Não encontrado,"Dívida Financeira Líquida/EBITDA menor ou igual a 4,00x, auferido semestralmente pela AEGEA","Dívida Financeira Líquida/EBITDA ≤ 4,00x",Não encontrado,FALSE,"Dívida Financeira Líquida/EBITDA menor ou igual a 4,00x, auferido semestralmente pela AEGEA"
conhecimento_12,COGN_14_Escritura-Escritura_20241119_000.pdf,COVENANTS_FINANCEIROS,Não encontrado,Dívida Líquida/EBITDA (índices financeiros conforme escritura),Não encontrado,Não encontrado,Não encontrado,TRUE,
conhecimento_12,COGN_14_Escritura-Escritura_20241119_000.pdf,DATA_DE_EMISSAO,Não encontrado,19 de novembro de 2024,Não encontrado,19 de novembro de 2024,Não encontrado,FALSE,19 de novembro de 2024
conhecimento_12,COGN_14_Escritura-Escritura_20241119_000.pdf,REGIME_DE_COLOCACAO,Não encontrado,Resolução CVM 160,Não encontrado,Não encontrado,Não encontrado,TRUE,regime  de  garantia  firme 
conhecimento_12,COGN_14_Escritura-Escritura_20241119_000.pdf,TAXA_DE_JUROS_REMUNERATORIOS,Não encontrado,"100% DI + spread, base 252 dias úteis",Não encontrado,Não encontrado,Não encontrado,TRUE,"100% da variação do DI acrescida de 1,60% sobretaxa (spread)"
conhecimento_12,PCHS_20_Escritura-Escritura_20250904_000.pdf,COVENANTS_FINANCEIROS,Não encontrado,"Índice de Subordinação mínimo de 15% (quinze por cento), calculado mensalmente, correspondente à razão entre (i) o resultado da subtração do saldo devedor dos Direitos Creditórios acrescido do valor disponível na Conta Centralizadora Principal menos o montante total das Debêntures da Primeira a Sexta Série, e (ii) o saldo devedor dos Direitos Creditórios acrescido do valor disponível na Conta Centralizadora Principal","Desde a Data de Início da Rentabilidade até a última Data de Vencimento das Debêntures, o Índice de Subordinação deverá ser de, no mínimo, 15 (quinze) por cento.",Não encontrado,Não encontrado,FALSE,"Desde a Data de Início da Rentabilidade até a última Data de Vencimento das Debêntures, o Índice de Subordinação deverá ser de, no mínimo, 15 (quinze) por cento."
conhecimento_12,TPER_1_Escritura-Escritura_20231221_001.pdf,COVENANTS_FINANCEIROS,Não encontrado,Não encontrado,"Caixa Mínimo: R$ 15.000.000,00 (quinze milhões de reais), atualizado anualmente pela variação positiva do IPCA (para fins de amortização extraordinária obrigatória das Debêntures da Parcela A).",Não encontrado,Não encontrado,TRUE,
conhecimento_12,TPER_1_Escritura-Escritura_20231221_001.pdf,PUBLICO_ALVO,Não encontrado,Não encontrado,Não encontrado,público em geral,distribuição pública,TRUE,
conhecimento_12,TRPL_15_Escritura-Escritura_20240216_000.pdf,COVENANTS_FINANCEIROS,Não encontrado,Não encontrado,No encontrado,Não encontrado,Não encontrado,TRUE,
conhecimento_12,TVXV_1_Escritura-Escritura_20210111_000.pdf,COVENANTS_FINANCEIROS,Não encontrado,Não encontrado,No encontrado,Não encontrado,Não encontrado,TRUE,
conhecimento_12,VECS_1_Escritura-Escritura_20220705_000.pdf,COVENANTS_FINANCEIROS,Não encontrado,Não encontrado,"caso a Razo de Subordinao fique abaixo do percentual de 101,52 cento e um inteiros e cinquenta e dois centsimos por cento por 15 quinze dias consecutivos ou 20 vinte dias alternados Razo Mnima de Subordinao",Não encontrado,Não encontrado,TRUE,
conhecimento_12,VSCF_8_Escritura-Escritura_20250117_000.pdf,COVENANTS_FINANCEIROS,Não encontrado,"Não encontrado covenants financeiros tradicionais (DL/EBITDA, ICSD). Existem índices de controle: Índice de Arrecadação (Curva Observada não inferior a 90% da Curva Esperada), Índice de Perdas Over60, Índice de Perdas Over90, Índice de Ágio, Excesso de Retorno da Carteira de Direitos Creditórios, Razão de Subordinação","Razo Mnima de Subordinao: 20 vinte por cento; Excesso de Retorno Mnimo: no poder ser inferior a 5 cinco por cento ao ano; ndice de Arrecadao: verificar se a Curva Observada no respectivo ms da medio apresenta valor inferior a 90 noventa por cento da Curva Esperada para o referido ms; ndice de Perdas Over90: igual ou superior a 3,5 trs inteiros e cinco dcimos por cento em uma Data de Verificao; ndice de Inadimplncia: superior a 5 cinco por cento; taxa mdia ajustada dos financiamentos dirios apurados no Sistema Especial de Liquidao e de Custdia SELIC para ttulos federais atinja um nvel de 16,00 dezesseis por cento ao ano",Não encontrado,Não encontrado,TRUE,
conhecimento_12,VVEO_6_Escritura-Escritura_20221019_000.pdf,COVENANTS_FINANCEIROS,Não encontrado,Não encontrado,Não encontrado,"Dívida Líquida/EBITDA ≤ 3,5x","DL/EBITDA <= 3,5x",FALSE,"Dívida Líquida/EBITDA ≤ 3,5x"
conhecimento_12,VVEO_7_Escritura-Escritura_20250430_000.pdf,DATA_DE_EMISSAO,Não encontrado,A Data de Emissão será a primeira Data de Integralização das Debêntures,Não encontrado,Não encontrado,Não encontrado,TRUE,30 de abril de 2024
conhecimento_12,VVEO_7_Escritura-Escritura_20250430_000.pdf,PRAZO_DE_VENCIMENTO,Não encontrado,Data de Vencimento das Debêntures será 08 de maio de 2030,Não encontrado,Não encontrado,Não encontrado,TRUE,5 anos
conhecimento_12,ZMPT_1_Escritura_20180611_000.pdf,AMORTIZACAO,Não encontrado,2 séries,Não encontrado,Não encontrado,Não encontrado,TRUE,
conhecimento_12,ZMPT_1_Escritura_20180611_000.pdf,CNPJ_DO_EMISSOR,Não encontrado,47.239.287/0001-70,Não encontrado,Não encontrado,Não encontrado,TRUE,
conhecimento_12,ZMPT_1_Escritura_20180611_000.pdf,DATA_DE_EMISSAO,Não encontrado,11 de junho de 2018,Não encontrado,Não encontrado,Não encontrado,TRUE,
conhecimento_12,ZMPT_1_Escritura_20180611_000.pdf,NUMERO_DA_EMISSAO,Não encontrado,1ª Emissão,Não encontrado,Não encontrado,Não encontrado,FALSE,1ª Emissão
conhecimento_12,ZMPT_1_Escritura_20180611_000.pdf,PUBLICO_ALVO,Não encontrado,investidores qualificados,Não encontrado,Não encontrado,Não encontrado,FALSE,investidores qualificados
conhecimento_12,ZMPT_1_Escritura_20180611_000.pdf,REGIME_DE_COLOCACAO,Não encontrado,esforços restritos,Não encontrado,Não encontrado,Não encontrado,TRUE,
conhecimento_12,ZMPT_1_Escritura_20180611_000.pdf,TAXA_DE_JUROS_REMUNERATORIOS,Não encontrado,CDI + spread,Não encontrado,Não encontrado,Não encontrado,TRUE,"100% do CDI + 3,00% ao ano, base 252 dias úteis"
conhecimento_12,ZMPT_1_Escritura_20180611_000.pdf,VALOR_TOTAL_DA_EMISSAO,Não encontrado,"R$ 150.000.000,00",Não encontrado,Não encontrado,Não encontrado,TRUE,
topics,AALM_1_Escritura-Escritura_20210715_000.pdf,AMORTIZACAO,Não encontrado,"As Debêntures serão amortizadas em 3 (três) parcelas anuais e sucessivas, sendo a primeira parcela correspondente a 33,33% (trinta e três vírgula trinta e três por cento) do Valor Nominal Unitário, a ser paga na primeira Data de Pagamento da Amortização que ocorrer após 12 (doze) meses contados da Data de Emissão, a segunda parcela correspondente a 33,33% (trinta e três vírgula trinta e três por cento) do Valor Nominal Unitário, a ser paga na segunda Data de Pagamento da Amortização que ocorrer após 24 (vinte e quatro) meses contados da Data de Emissão, e a terceira e última parcela correspondente a 33,34% (trinta e três vírgula trinta e quatro por cento) do Valor Nominal Unitário a ser paga na Data de Vencimento.",Não encontrado,Não encontrado,Não encontrado,TRUE,
topics,AALM_1_Escritura-Escritura_20210715_000.pdf,DATA_DE_EMISSAO,Não encontrado,15 de julho de 2021,Não encontrado,Não encontrado,Não encontrado,TRUE,
topics,AALM_1_Escritura-Escritura_20210715_000.pdf,DESTINACAO_DOS_RECURSOS,Não encontrado,"a totalidade dos Recursos Líquidos captados pela Emissora por meio da Emissão serão alocados no pagamento futuro ou reembolso, conforme aplicável, de gastos, despesas ou dívidas relacionados ao Projeto",Não encontrado,Não encontrado,Não encontrado,TRUE,
topics,AALM_1_Escritura-Escritura_20210715_000.pdf,NUMERO_DA_EMISSAO,Não encontrado,1ª emissão,Não encontrado,Não encontrado,Não encontrado,FALSE,1ª emissão
topics,AALM_1_Escritura-Escritura_20210715_000.pdf,TAXA_DE_JUROS_REMUNERATORIOS,Não encontrado,"100% da Taxa DI acrescida exponencialmente de sobretaxa (spread) de 1,40% ao ano, base 252 Dias Úteis",Não encontrado,Não encontrado,Não encontrado,TRUE,
topics,AALM_2_Escritura-Escritura_20240908_000.pdf,COVENANTS_FINANCEIROS,Não encontrado,"Item xxxv (Índice Financeiro Inicial - Aura Minerals): Até o vencimento das obrigações decorrentes da Primeira Emisão da Emissora e/ou a sua integral quitação, o que ocorrer primeiro, com a consequente verificação da implementação da Condição Resolutiva, não observância, pela Aura Minerals, do índice financeiro abaixo, a ser apurado pela Aura Minerals, trimestralmente, de acordo com os princípios contábeis geralmente aceitos no Brasil e acompanhados pelo Agente Fiduciário no prazo de até 15 (quinze) Dias Úteis contados da data de recebimento, pelo Agente Fiduciário, das informações, tendo por base os Financial Statements da Aura Minerals, reportados trimestralmente, em Dólares dos Estados Unidos da América, a partir, inclusive, das Demonstraes Financeiras Consolidadas da Aura Minerals relativas ao exercício social findo em 31 de setembro de 2024: a) Índice financeiro decorrente do quociente da diviso da Dívida Líquida pelo EBITDA da Aura Minerals, que deverá ser igual ou inferior a 2,75x.  Item xxxvi (Índice Financeiro Posterior - Emissora): Após o vencimento das obrigações decorrentes da Primeira Emisão da Emissora e/ou a sua integral quitação, o que ocorrer primeiro, com a consequente verificação da implementação da Condição Resolutiva, não observância, pela Emissora, do índice financeiro abaixo, a ser apurado pela Emissora, trimestralmente, de acordo com os princípios contábeis geralmente aceitos no Brasil e acompanhados pelo Agente Fiduciário no prazo de até 5 (cinco) Dias Úteis contados da data de recebimento, pelo Agente Fiduciário, das informações, com base nas informações trimestrais e demonstrações financeiras disponíveis da Emissora, considerando o período de 12 (doze) meses anteriores: Encerramento dos Exercícios e Trimestres Sociais (considerando-se sempre o perodo de 12 meses anteriores) | Dívida Líquida/EBITDA - Até 31 de dezembro de 2026: Menor ou igual a 2,00x - A partir de 31 de março de 2027 até a Data de Vencimento de Debêntures: Menor ou igual a 1,50x Definições: EBITDA: corresponde ao somatório acumulado dos últimos doze meses, até a data de encerramento do respectivo período, em base consolidada da Emissora, do lucro líquido do período antes de deduzidos (i) das despesas de imposto sobre a renda corrente e imposto sobre a renda diferido, (ii) das despesas de depreciaço e amortização, (iii) das despesas financeiras deduzidas das receitas financeiras, (iv) de outras receitas/despesas líquidas e do resultado não operacional. Dívida Líquida: conforme definido nas Demonstrações Financeiras.","“xxxvi após o vencimento das obrigações decorrentes da Primeira Emissão da Emissora e/ou a sua integral quitação, o que ocorrer primeiro, com a consequente verificação da implementação da Condição Resolutiva, não observância, pela Emissora, do índice financeiro abaixo, a ser apurado pela Emissora, trimestralmente, de acordo com os princípios contábeis geralmente aceitos no Brasil e acompanhados pelo Agente Fiduciário no prazo de até 5 (cinco) Dias úteis contados da data de recebimento, pelo Agente Fiduciário, das informações a que se refere a Cláusula 7.1.1, i abaixo, com base nas informações trimestrais e demonstrações financeiras disponíveis da Emissora, considerando o período de 12 (doze) meses anteriores Índice Financeiro Posterior e, em conjunto com o Índice Financeiro Inicial, os Índices Financeiros Encerramento dos Exercícios e Trimestres Sociais considerando-se sempre o período de 12 (doze) meses anteriores a tal data Dívida Líquida/EBITDA Até 31 de dezembro de 2026 Menor ou igual a 2,00x A partir de 31 de março de 2027 até a Data de Vencimento de Debêntures Menor ou igual a 1,50x Para fins da presente Escritura de Emissão, Dívida Líquida e EBITDA terão os seguintes significados EBITDA corresponde ao somatório acumulado dos últimos doze meses, até a data de encerramento do respectivo período, em base consolidada da Emissora, do lucro líquido do período antes de deduzidos i das despesas de imposto sobre a renda corrente e imposto sobre a renda diferido, ii das despesas de depreciação e amortização, ii das despesas financeiras deduzidas das receitas financeiras, iv de outras receitas despesas líquidas e do resultado não operacional, aqui computados os efeitos provenientes de alienação ou impairment de ativos não circulantes e instrumentos patrimoniais. Dívida Líquida significa o somatório das dívidas consolidadas de empréstimos e financiamentos, reduzido pelo montante de caixa e equivalentes. Passivos referentes a arrendamentos operacionais não deverão ser considerados para fins de cálculo.” “6.10. ... desde que, após a realização de qualquer Redução de Capital Previamente Aprovada conforme definida abaixo, i o capital social da Emissora, seja de, no mínimo, R$100.000.000,00 cem milhões de reais e ii no haja descumprimento do Índice Financeiro Posterior, ...”",Não encontrado,Não encontrado,FALSE,"Dívida Líquida/EBITDA ≤ 2,00x até 31/12/2026 e ≤ 1,50x a partir de 31/03/2027"
topics,ADPA_1_Escritura-Escritura_20250613_000.pdf,COVENANTS_FINANCEIROS,Não encontrado,Não encontrado,índices financeiros gerais,Não encontrado,índices financeiros gerais,TRUE,
topics,ADPD_1_Escritura-Escritura_20250613_000.pdf,COVENANTS_FINANCEIROS,Não encontrado,"Índice Financeiro aplicável à AEGEA (Fiadora): Dívida Financeira Líquida / EBITDA menor ou igual a 4,00x (quatro inteiros), auferido semestralmente com base nos últimos 12 meses, a partir das demonstrações financeiras consolidadas da AEGEA. Primeira verificação: 31/12/2025. DEFINIÇÕES: (i) Dívida Financeira Líquida = somatória de (a) endividamentos consolidados com empréstimos de instituições financeiras + (b) obrigações consolidadas representadas por debêntures, notas promissórias ou títulos similares + (c) dívidas líquidas de derivativos (excluindo marcação a mercado) MENOS saldo em caixa e aplicações financeiras; (ii) EBITDA = resultado antes do resultado financeiro e tributos, acrescido de depreciação e amortização (incluindo amortização de direito de concessão), calculado com base nos últimos 12 meses nas demonstrações financeiras consolidadas auditadas da AEGEA. OBSERVAÇÃO: Covenant aplicável à AEGEA (Fiadora), não à Emissora diretamente.","viii descumprimento, pela AEGEA, do ndice financeiro indicado abaixo, auferido semestralmente pela AEGEA, e acompanhado pelo Agente Fiducirio, com base nos ltimos 12 doze meses, a partir das demonstraes financeiras eou informaes financeiras semestrais, conforme o caso, consolidadas da AEGEA, sendo que a primeira verificao dever ocorrer com base nas demonstraes financeiras de 31 de dezembro de 2025 ndice Financeiro a Dvida Financeira Lquida EBITDA menor ou igual a 4,00x quatro inteiros. onde Dvida Financeira Lquida significa a somatria de a todos os endividamentos consolidados no que diz respeito a emprstimos de qualquer instituio financeira b todas as obrigaes consolidadas representadas por debntures, notas promissrias ou outros ttulos eou valores mobilirios similares e c dvidas lquidas do saldo a receber e do saldo a pagar decorrentes de derivativos, incluindo contratos de hedge eou quaisquer outros contratos de derivativos, excluindo efeitos temporais de marcao a mercado, menos o saldo em caixa e o saldo de aplicaes financeiras. EBITDA significa, para qualquer perodo, o somatrio do resultado antes do resultado financeiro e dos tributos, acrescido de todos os valores atribuveis a sem duplicidade depreciao e amortizao, incluindo a amortizao do direito de concesso, sendo certo que o EBITDA dever ser calculado com base nos ltimos 12 doze meses baseado nas demonstraes financeiras consolidadas auditadas da AEGEA. Em caso de aquisio de novos ativos que incorporaro o portflio de negcios da AEGEA, ser considerado o EBITDA pro forma 12",Não encontrado,"A razão entre a Dívida Líquida e o EBITDA não poderá ser superior a 2,5x, apurada trimestralmente.",TRUE,
topics,BRKM_17_Escritura-Escritura_20220822_000.pdf,COVENANTS_FINANCEIROS,Não encontrado,Não encontrado,"sendo que os valores depositados na Conta Vinculada deverao ser, no minimo, correspondentes a 120 (cento e vinte) por cento do valor projetado da primeira parcela de Remuneracao das Debentures, calculado conforme previsto no Contrato de Cessao Fiduciaria, o qual permanecera retido ate a Data Limite conforme definido no Contrato de Cessao Fiduciaria.",Não encontrado,Não encontrado,TRUE,
topics,COGN_14_Escritura-Escritura_20241119_000.pdf,CNPJ_DO_EMISSOR,Não encontrado,01.047.166/0001-10,Não encontrado,Não encontrado,Não encontrado,TRUE,02.800.026/0001-40
topics,COGN_14_Escritura-Escritura_20241119_000.pdf,TAXA_DE_JUROS_REMUNERATORIOS,Não encontrado,"100% da Taxa DI acrescida de spread (sobretaxa), base 252 Dias Úteis",Não encontrado,Não encontrado,Não encontrado,TRUE,"100% da variação do DI acrescida de 1,60% sobretaxa (spread)"
topics,TPER_1_Escritura-Escritura_20231221_001.pdf,COVENANTS_FINANCEIROS,Não encontrado,Não encontrado,"Os recursos disponveis no caixa da Emissora em 31 de maro e 30 de setembro de cada ano a partir da Data-Base da Repactuao da Dvida que excederem o montante de 15.000.000,00 quinze milhes de reais, atualizado anualmente pela variao positiva do IPCA Caixa Mnimo, caso aplicvel, devero ser obrigatoriamente destinados pela Emissora amortizao extraordinria obrigatria das Debntures da Parcela A, de maneira pro rata entre as Debntures das Sries 1-A, 2-A, 3-A e 4-A Amortizao Extraordinria Obrigatria Debntures da Parcela A. observado que a repactuao da referida dvida no poder afetar o fluxo de pagamento das Debntures, equivalente a 84,40 oitenta e quatro inteiros e quarenta centsimos por cento do fluxo de caixa trimestral livre disponvel para o pagamento dos credores ou seja, receita menos impostos e desembolsos operacionais da Emissora Termos da Repactuao da CCB Ao Monitria.",Não encontrado,Não encontrado,TRUE,
topics,TPER_1_Escritura-Escritura_20231221_001.pdf,PUBLICO_ALVO,Não encontrado,Não encontrado,Não encontrado,público em geral,Não encontrado,TRUE,
topics,TRPL_15_Escritura-Escritura_20240216_000.pdf,COVENANTS_FINANCEIROS,Não encontrado,Não encontrado,"O rating mínimo da Emissão, a ser observado durante o prazo de vigência das Debêntures, será, no mínimo, Fitch “AAAbra” ou equivalente, e deverá ser atualizado anualmente, a partir da data de emissão do relatório vigente na primeira Data de Integralização, até a Data de Vencimento.",Não encontrado,Não encontrado,TRUE,
topics,TVXV_1_Escritura-Escritura_20210111_000.pdf,COVENANTS_FINANCEIROS,Não encontrado,Não encontrado,"Ser constitudo um Fundo de Reserva no valor de R 50.000,00, sendo este o valor mnimo, para arcar com as despesas da operao, caso necessrio. O Fundo de Reserva ser recomposto de acordo com a Ordem de Alocao dos Recursos.",Não encontrado,Não encontrado,TRUE,
topics,VECS_1_Escritura-Escritura_20220705_000.pdf,COVENANTS_FINANCEIROS,Não encontrado,"A Emissora deverá manter a Razão de Subordinação em patamares mínimos, conforme segue: 1. RAZÃO DE SUBORDINAÇÃO (Cláusula 6.1.vii e 6.2.xvi): Definição: Razão de Subordinação = Patrimônio Líquido / (Quantidade de Debêntures Série Sênior × Valor Nominal Unitário das Debêntures Série Sênior + Remuneração devida) Onde Patrimônio Líquido = soma algébrica de: Valor Presente dos Direitos Creditórios Cedidos + valores depositados na Conta Autorizada + valores na Conta Vinculada + Investimentos Permitidos + Remuneração de Ajuste de Carteira + Remuneração pela Reserva de Disponibilidade de Recursos devidos e não pagos. Limites obrigatórios - Razão de Subordinação não poderá ficar abaixo de 101,52% por 15 dias consecutivos ou 20 dias alternados (Evento de Vencimento Antecipado Automático) - Razão de Subordinação entre 101,52% e 103,09% por 15 dias consecutivos ou 20 dias alternados configura Evento de Vencimento Antecipado Não Automático (sujeito a deliberação) 2. RESERVA DE CAIXA (Cláusula 4.4.2.vi): A Emissora deverá constituir Reserva de Caixa equivalente à projeção estimada de pagamento de Amortização Ordinária e Remuneração das Debêntures. Composição obrigatória até o 2º Dia Útil anterior a cada data de pagamento. 3. RESERVA DE DESPESAS E ENCARGOS (Cláusula 4.4.2.v): Reserva equivalente à soma das Despesas a serem pagas nos 3 meses subsequentes. Recomposição imediata sempre que o saldo for inferior ao valor da reserva exigido. 4. ALOCAÇÃO MÍNIMA (Cláusula 3.7.1): Decorridos 90 dias da Primeira Data de Integralização, no mínimo 50% dos Recursos da Integralização deverão estar alocados em Direitos Creditórios.","vii caso a Razo de Subordinao fique abaixo do percentual de 101,52 cento e um inteiros e cinquenta e dois centsimos por cento por 15 quinze dias consecutivos ou 20 vinte dias alternados Razo Mnima de Subordinao. Para os fins desta Escritura Razo de Subordinao significa o produto resultante da diviso entre o Patrimnio Lquido conforme abaixo definido e a Quantidade de Debntures Srie Snior emitidas multiplicado pelo Valor Nominal Unitrio das Debntures Srie Snior, acrescido pela respectiva Remunerao devida desde a Primeira Data de Integralizao ou Data de Pagamento da Remunerao das Debntures da Srie Snior imediatamente anterior, conforme o caso. Patrimnio Lquido significa a soma algbrica, em determinada data de apurao, do Valor Presente dos Direitos Creditrios Cedidos, dos valores depositados na Conta Autorizada e na Conta Vinculada, Investimentos Permitidos, a Remunerao de Ajuste de Carteira e Remunerao pela Reserva de Disponibilidade de Recursos devidos e no pagos. xvi caso a Razo de Subordinao fique, por 15 quinze dias consecutivos ou 20 vinte dias alternados abaixo do percentual de 103,09 cento e trs inteiros e nove centsimos por cento, porm acima do percentual de 101,52 cento e um inteiros e cinquenta e dois centsimos por cento",Não encontrado,Não encontrado,TRUE,
topics,VSCF_8_Escritura-Escritura_20250117_000.pdf,COVENANTS_FINANCEIROS,Não encontrado,Não encontrado,"4.9.3.2. A Razo de Subordinao considerando pro forma a integralizao a ser realizada em tal data, durante a vigncia deste instrumento, dever ser igual a 20 vinte por cento Razo Mnima de Subordinao. 5.2.1. A Emissora dever, sempre que for apurado em uma Data de Verificao, que a Razo Mnima de Subordinao no foi atendida, ou seja, for menor que 20 vinte por cento e desde que existam recursos disponveis, realizar a amortizao extraordinria das Debntures da Primeira Srie com limite de at 98 noventa e oito por cento do Valor Nominal Unitrio das Debntures da Primeira Srie ou saldo do Valor Nominal Unitrio das Debntures da Primeira Srie, limitadas ao montante suficiente para reestabelecer a Razo Mnima de Subordinao Amortizao Extraordinria Obrigatria das Debntures da Primeira Srie Subordinao. Para fins de clculo, ser utilizado o Saldo Devedor das Debntures com data base na Data de Verificao. 5.2.3. Em cada Data de Verificao em que for apurada que a Razo Mnima de Subordinao no foi atendida, a Emissora dever utilizar os recursos disponveis para a realizao da Amortizao Extraordinria Obrigatria das Debntures da Primeira Srie Subordinao. 5.2.3.1. Caso no existam recursos disponveis suficientes para a realizao da Amortizao Extraordinria Obrigatria das Debntures da Primeira Srie Subordinao, ou ainda, que a Razo Mnima de Subordinao no tenha sido restabelecida, a Emissora dever adotar imediatamente o regime de Amortizao Sequencial em lugar da Amortizao Pro Rata. 5.2.3.2. O regime de Amortizao Sequencial dever vigorar at que seja restabelecida a Razo Mnima de Subordinao, quando a Emissora dever adotar novamente, na prxima Data de Pagamento, o regime de Amortizao Pro Rata. 5.3.1. Observados os termos desta Escritura de Emisso, especialmente quanto Ordem de Alocao de Recursos, sempre que for apurado, em uma Data de Verificao, que a Razo de Subordinao for igual ou superior a 25 vinte e cinco por cento Excesso de Subordinao, a Emissora dever, desde que existam recursos disponveis, realizar a amortizao extraordinria das Debntures da Segunda Srie com limite de at 98 noventa e oito por cento do Valor Nominal Unitrio das Debntures da Segunda Srie ou saldo do Valor Nominal Unitrio das Debntures da Segunda Srie, eou o pagamento de Participao Sobre a Receita dos Direitos Creditrios limitada ao montante necessrio para atendimento da Razo Mnima de Subordinao, ou seja, 20 vinte por cento. 5.3.3. Em cada Data de Verificao em que for apurado o Excesso de Subordinao, a Emissora dever utilizar os recursos disponveis para a realizao da Amortizao Extraordinria Obrigatria das Debntures da Segunda Srie Subordinao.",Não encontrado,Não encontrado,TRUE,
topics,VVEO_6_Escritura-Escritura_20221019_000.pdf,COVENANTS_FINANCEIROS,Não encontrado,"A Emissora deverá observar, até o vencimento das Debêntures, o índice obtido pela divisão da Dívida Líquida Financeira pelo EBITDA menor ou igual a 3,5 vezes (Índice Financeiro), o qual será apurado semestralmente pela Emissora com base nas informações trimestrais mais recentes da Emissora, revisadas pelos auditores e consolidadas da Emissora e nas demonstrações financeiras anuais auditadas e consolidadas da Emissora. A primeira apuração do Índice Financeiro será realizada com base nas informações financeiras de 31 de dezembro de 2022. Definições: Dívida Financeira Líquida: resultado de (dívidas com instituições financeiras + títulos e valores mobiliários representativos de dívida + tributos parcelados + mútuos a pagar, exceto para Sociedades do Grupo Econômico + leasings - saldo líquido de operações de derivativos - disponibilidades de caixa, títulos públicos, aplicações financeiras e equivalentes). EBITDA: com relação a determinado período, o resultado da seguinte fórmula: Lucro/Prejuízo Líquido - Despesa/Receita Financeira Líquida (exceto as contas de juros em operações ativas com clientes, descontos concedidos a clientes e descontos recebidos de fornecedores) + Provisão para IRPJ e CSLL + Depreciações, Amortizações e Exaustões + custos e despesas decorrentes da Aquisição ou da Oferta + despesas com indenizações de qualquer natureza que estejam cobertas por direito contratual de indenização + despesas com planos de remuneração baseada em ação sem efeito caixa + despesas em operações de aquisição (incluindo mediante operações societárias, incorridas com assessores legais e financeiras, auditores, empresas de consultoria inclusive para identificação e implementação de sinergias e comissões) - Perdas/Lucros resultantes de Equivalência Patrimonial ou Dividendos e Outros Proventos Recebidos - Perdas/Ganhos contábeis na avaliação de ativos, desde que sem efeito caixa.","Dívida Líquida Financeira / EBITDA menor ou igual a 3,5 (três inteiros e cinco décimos) vezes, com apuração semestral (primeira apuração com base nas informações financeiras de 31 de dezembro de 2022).",Não encontrado,Não encontrado,FALSE,"Dívida Líquida Financeira / EBITDA menor ou igual a 3,5 (três inteiros e cinco décimos) vezes, com apuração semestral (primeira apuração com base nas informações financeiras de 31 de dezembro de 2022)."
topics,VVEO_7_Escritura-Escritura_20250430_000.pdf,DATA_DE_EMISSAO,Não encontrado,30 de abril de 2024,Não encontrado,Não encontrado,30 de abril de 2024,FALSE,30 de abril de 2024
topics,VVEO_7_Escritura-Escritura_20250430_000.pdf,PRAZO_DE_VENCIMENTO,Não encontrado,"48 (quarenta e oito) meses contados da Data de Emissão, vencendo em 08.05.2028",Não encontrado,Não encontrado,28022029,TRUE,5 ANOS
topics,XXIX21_Escritura-Escritura_20230112_000.pdf,COVENANTS_FINANCEIROS,Não encontrado,Não encontrado,"10.2. Fundo de Reservas. A Emissão contará com um Fundo de Reservas, no  montante mínimo de R$ 500.000,00 (quinhentos mil reais) que será constituído no momento  da primeira integralização das Debêntures, sendo recomposto, conforme aplicável, por  meio dos recursos advindos dos Créditos e/ou por meio de aporte dos Debenturistas via  Chamada de Capital, conforme abaixo definido, e que fará frente às Despesas da  Operação. 10.2.1. Na hipótese do Fundo de Reservas estar abaixo do seu montante mínimo,  qual seja, R$ 500.000,00 (quinhentos mil reais) e os recursos advindos dos  Créditos forem insuficientes para sua recomposição, a Emissora realizará uma  chamada de capital, simples e por escrito, aos Debenturistas, para que estes  enviem os recursos elencados pela Companhia, a fim de fazer frente às referidas  despesas (“Chamada de Capital”), em até 5 (cinco) Dias Úteis contados do envio  De referida Chamada de Capital.10.2.2. Havendo sobra e/ou resíduo do Fundo de Reserva após o encerramento das  operações da Emissão, e após o efetivo pagamento de todas as obrigações  pecuniárias assumidas pela Emissora, serão devolvidos os recursos eventualmente  existentes do Fundo de Reserva, de forma proporcional às respectivas  participações, aos Debenturistas na Emissão.",Não encontrado,Não encontrado,TRUE,
topics,ZMPT_1_Escritura_20180611_000.pdf,AMORTIZACAO,Não encontrado,"As Debêntures não serão objeto de amortização, sendo integralmente resgatadas na Data de Vencimento.",Não encontrado,Não encontrado,Não encontrado,TRUE,
topics,ZMPT_1_Escritura_20180611_000.pdf,CNPJ_DO_EMISSOR,Não encontrado,47.239.287/0001-70,Não encontrado,Não encontrado,39.435.090/0001-89,TRUE,
topics,ZMPT_1_Escritura_20180611_000.pdf,DATA_DE_EMISSAO,Não encontrado,11 de junho de 2018,Não encontrado,Não encontrado,11 de junho de 2018,TRUE,
topics,ZMPT_1_Escritura_20180611_000.pdf,DESTINACAO_DOS_RECURSOS,Não encontrado,"a totalidade dos Recursos Líquidos captados pela Emissora por meio da Emissão serão alocados no pagamento futuro ou reembolso, conforme aplicável, de gastos, despesas ou dívidas relacionados ao Projeto",Não encontrado,Não encontrado,refinanciamento de passivos,TRUE,
topics,ZMPT_1_Escritura_20180611_000.pdf,NUMERO_DA_EMISSAO,Não encontrado,1ª emissão,Não encontrado,Não encontrado,1ª emissão,FALSE,1ª emissão
topics,ZMPT_1_Escritura_20180611_000.pdf,PRAZO_DE_VENCIMENTO,Não encontrado,18 de junho de 2029,Não encontrado,Não encontrado,25 de dezembro de 2037,TRUE,
topics,ZMPT_1_Escritura_20180611_000.pdf,PUBLICO_ALVO,Não encontrado,investidores profissionais,Não encontrado,Não encontrado,investidores profissionais,FALSE,Investidores profissionais
topics,ZMPT_1_Escritura_20180611_000.pdf,REGIME_DE_COLOCACAO,Não encontrado,garantia firme,Não encontrado,Não encontrado,esforços restritos,TRUE,
topics,ZMPT_1_Escritura_20180611_000.pdf,TAXA_DE_JUROS_REMUNERATORIOS,Não encontrado,"100% do CDI + 1,40% ao ano, base 252 dias úteis",Não encontrado,Não encontrado,Não encontrado,TRUE,"100% do CDI + 3,00% ao ano, base 252 dias úteis"
topics,ZMPT_1_Escritura_20180611_000.pdf,VALOR_TOTAL_DA_EMISSAO,Não encontrado,"R$ 165.000.000,00 (cento e sessenta e cinco milhões de reais)","R$ 165.000.000,00",Não encontrado,"R$ 165.000.000,00",TRUE,
zeroshoot,AALM_1_Escritura-Escritura_20210715_000.pdf,AMORTIZACAO,Não encontrado,"Amortização em 24 (vinte e quatro) meses a partir da Data de Emissão, em parcelas anuais",Não encontrado,Não encontrado,Não encontrado,TRUE,
zeroshoot,AALM_1_Escritura-Escritura_20210715_000.pdf,COVENANTS_FINANCEIROS,Não encontrado,"Índice de Endividamento, Índice de Liquidez, Garantia Aura Minerais, obrigações de não fazer e restrições quanto a operações específicas conforme Cláusulas da Escritura",Não encontrado,Não encontrado,Não encontrado,TRUE,
zeroshoot,AALM_1_Escritura-Escritura_20210715_000.pdf,DATA_DE_EMISSAO,Não encontrado,15 de julho de 2021,Não encontrado,Não encontrado,Não encontrado,TRUE,
zeroshoot,AALM_1_Escritura-Escritura_20210715_000.pdf,DESTINACAO_DOS_RECURSOS,Não encontrado,"Capital de giro, investimentos, aquisição de bens, despesas operacionais e administrativas, incluindo, mas não limitado a, pagamento de fornecedores e obrigações",Não encontrado,Não encontrado,Não encontrado,TRUE,
zeroshoot,AALM_1_Escritura-Escritura_20210715_000.pdf,NUMERO_DA_EMISSAO,Não encontrado,1ª (Primeira) Emissão,Não encontrado,Não encontrado,Não encontrado,FALSE,1ª (Primeira) Emissão
zeroshoot,AALM_1_Escritura-Escritura_20210715_000.pdf,PRAZO_DE_VENCIMENTO,Não encontrado,24 (vinte e quatro) meses contados da Data de Emissão,Não encontrado,Não encontrado,Não encontrado,TRUE,
zeroshoot,AALM_1_Escritura-Escritura_20210715_000.pdf,PUBLICO_ALVO,Não encontrado,Investidores Profissionais,Não encontrado,Não encontrado,Não encontrado,FALSE,Investidores Profissionais
zeroshoot,AALM_1_Escritura-Escritura_20210715_000.pdf,REGIME_DE_COLOCACAO,Não encontrado,Pública com esforços restritos,Não encontrado,Não encontrado,Não encontrado,TRUE,
zeroshoot,AALM_1_Escritura-Escritura_20210715_000.pdf,TAXA_DE_JUROS_REMUNERATORIOS,Não encontrado,IPCA + 10% (dez por cento) ao ano,Não encontrado,Não encontrado,Não encontrado,TRUE,
zeroshoot,AALM_1_Escritura-Escritura_20210715_000.pdf,VALOR_TOTAL_DA_EMISSAO,Não encontrado,"R$ 20.000.000,00 (vinte milhões de reais)",Não encontrado,Não encontrado,Não encontrado,TRUE,
zeroshoot,AALM_2_Escritura-Escritura_20240908_000.pdf,COVENANTS_FINANCEIROS,Não encontrado,"Índice Financeiro: Dívida Líquida / EBITDA Ajustado inferior ou igual a 2,50 (duas inteiras e cinquenta centésimos) vezes, acompanhado trimestralmente a partir do exercício social encerrado em 31 de dezembro de 2025",Não encontrado,"Índices financeiros como Dívida Líquida/EBITDA ≤2,00x até 31/12/2026 e ≤1,50x a partir de 31/03/2027; proibições de alienações acima de limites, reduções de capital sem aprovação, etc. (Cláusulas VI e VII)",Não encontrado,TYRUE,
zeroshoot,AASN_1_Escritura-Escritura_20220506_000.pdf,COVENANTS_FINANCEIROS,Não encontrado,Não encontrado,Não encontrado,Não encontrado,"Existem covenants financeiros, incluindo proibições de inadimplemento de obrigações pecuniárias, pedido de falência, alteração do controle societário, vencimento antecipado em caso de inadimplemento, restrições à alienação de ativos, obrigações de manter liquidez e não realização de pagamentos de lucros, dividendos ou devolução de adiantamentos a futuros aumentos de capital sem aprovação dos debenturistas, entre outros. Consulte as cláusulas 8.1, 8.2 e 9.1 do documento para detalhes completos.",TRUE,
zeroshoot,ADGE_3_Escritura-Escritura_20230427_000.pdf,COVENANTS_FINANCEIROS,Não encontrado,"Não foram identificados covenants financeiros tradicionais (índices ou ratios financeiros). A escritura estabelece obrigações de fazer e não fazer, incluindo: (i) fornecimento de demonstrações financeiras anuais auditadas em até 90 dias; (ii) manutenção de licenças e autorizações válidas; (iii) cumprimento de leis ambientais, trabalhistas e anticorrupção; (iv) vedações de mudança de controle sem aprovação; (v) restrições de alienação de ativos superiores a 15% do ativo total; (vi) limitação de endividamento e protestos a 3% do patrimônio líquido; (vii) obrigação de destinação dos recursos conforme previsto; (viii) manutenção do objeto social; (ix) vedação de dividendos em mora; (x) obrigação de manter garantia corporativa válida",Não encontrado,Não encontrado,"Cláusula 6.1 - Eventos de Inadimplemento incluindo inadimplência pecuniária, suspensão de pagamentos, falência, recuperação judicial, mudança de controle sem aprovação, descumprimento de decisões judiciais acima de 3% do patrimônio líquido, etc.",TRUE,
zeroshoot,ADPA_1_Escritura-Escritura_20250613_000.pdf,COVENANTS_FINANCEIROS,Não encontrado,"Índice Financeiro: Dívida Financeira Líquida / EBITDA menor ou igual a 4,00x (quatro inteiros). Este índice será auferido semestralmente pela AEGEA (Fiadora), acompanhado pelo Agente Fiduciário, com base nos últimos 12 (doze) meses, a partir das demonstrações financeiras e/ou informações financeiras semestrais consolidadas da AEGEA, sendo que a primeira verificação deverá ocorrer com base nas demonstrações financeiras de 31 de dezembro de 2025. O descumprimento deste índice constitui Evento de Vencimento Antecipado Não Automático",Não encontrado,"Índice Financeiro: Dívida Financeira Líquida / EBITDA menor ou igual a 4,00x (calculado semestralmente com base nas demonstrações financeiras consolidadas da AEGEA); diversos covenants negativos incluindo limitação de endividamento, alienação de ativos, constituição de ônus, distribuição de dividendos e eventos de default por descumprimento financeiro.",Não encontrado,FALSE,"Índice Financeiro: Dívida Financeira Líquida / EBITDA menor ou igual a 4,00x (calculado semestralmente com base nas demonstrações financeiras consolidadas da AEGEA); diversos covenants negativos incluindo limitação de endividamento, alienação de ativos, constituição de ônus, distribuição de dividendos e eventos de default por descumprimento financeiro."
zeroshoot,ADPD_1_Escritura-Escritura_20250613_000.pdf,COVENANTS_FINANCEIROS,Não encontrado,Não encontrado,Não encontrado,"Dívida Financeira Líquida / EBITDA menor ou igual a 4,00x",Não encontrado,FALSE,"Dívida Financeira Líquida / EBITDA menor ou igual a 4,00x"
zeroshoot,AEAM_1_Escritura-Escritura_20210913_000.pdf,COVENANTS_FINANCEIROS,Não encontrado,"Eventos de Vencimento Antecipado incluem: (i) inadimplemento de obrigações pecuniárias não sanado em 3 Dias Úteis; (ii) liquidação, dissolução, falência da Emissora/Garantidor; (iii) invalidade da Escritura; (iv) transformação societária; (v) questionamento da validade; (vi) inadimplemento de obrigações não pecuniárias não sanado em 30 dias; (vii) uso inadequado dos recursos; (viii) mudança de controle sem aprovação; (ix) alteração do objeto social; (x) vencimento antecipado de dívidas ≥ R$25.000.000,00; (xi) protestos ≥ R$25.000.000,00; (xii) distribuição de dividendos exceto obrigatórios; (xiii) condenação por crimes ambientais/trabalho escravo; (xiv) violação de Leis Anticorrupção; (xv) rescisão do Contrato de Concessão; (xvi) contratação de Endividamento Financeiro exceto Permitidos; (xvii) criação de ônus sobre ativos do Projeto; (xviii) cessão de obrigações; (xix) abandono do Projeto",Não encontrado,Não encontrado,Eventos de Vencimento Antecipado descritos na Cláusula 6,TRUE,
zeroshoot,BRKM_17_Escritura-Escritura_20220822_000.pdf,COVENANTS_FINANCEIROS,Não encontrado,Não encontrado,Não encontrado,"Eventos de Inadimplemento conforme Cláusulas 6.1 e 6.2, incluindo não pagamento de amortização e remuneração em até 3 dias úteis, falência, recuperação judicial, vencimento antecipado de dívidas > US$ 100MM, etc.",Não encontrado,,
zeroshoot,COGN_14_Escritura-Escritura_20241119_000.pdf,CNPJ_DO_EMISSOR,Não encontrado,02.542.651/0001-84,Não encontrado,Não encontrado,Não encontrado,TRUE,02.800.026/0001-40
zeroshoot,COGN_14_Escritura-Escritura_20241119_000.pdf,COVENANTS_FINANCEIROS,Não encontrado,Índice de Endividamento - Dívida Líquida / EBITDA Ajustado; Índice de Cobertura de Juros,Não encontrado,Não encontrado,Não encontrado,TRUE,
zeroshoot,COGN_14_Escritura-Escritura_20241119_000.pdf,DATA_DE_EMISSAO,Não encontrado,19 de novembro de 2024,19 de novembro de 2024,19 de novembro de 2024,19 NOVEMBRO 2024,FALSE,19 de novembro de 2024
zeroshoot,COGN_14_Escritura-Escritura_20241119_000.pdf,DESTINACAO_DOS_RECURSOS,Não encontrado,Reembolso e/ou pagamento de despesas e custos relacionados à Oferta,Não encontrado,Não encontrado,Não encontrado,TRUE,utilizados para alongamento do passivo financeiro da Emissora e reforço de capital de giro da  Emissora e/ou de suas controladas
zeroshoot,COGN_14_Escritura-Escritura_20241119_000.pdf,REGIME_DE_COLOCACAO,Não encontrado,Melhores esforços de colocação,Não encontrado,Não encontrado,Não encontrado,TRUE,regime  de  garantia  firme 
zeroshoot,COGN_14_Escritura-Escritura_20241119_000.pdf,TAXA_DE_JUROS_REMUNERATORIOS,Não encontrado,100% da variação do DI acrescida de sobretaxa (spread),Não encontrado,Não encontrado,Não encontrado,TRUE,"100% da variação do DI acrescida de 1,60% sobretaxa (spread)"
zeroshoot,KNST19_Escritura-Escritura_20250707_000.pdf,COVENANTS_FINANCEIROS,Não encontrado,"A Escritura prevê diversas obrigações da Emissora (Cláusula 7.1), incluindo: manter-se adimplente com tributos; manter contabilidade atualizada; não alterar objeto social sem anuência dos Debenturistas; não constituir ônus sobre os Direitos Creditórios; manter regime fiduciário e patrimônio separado; observar Ordem de Alocação de Recursos. Não há covenants financeiros específicos com indicadores quantitativos (tipo EBITDA, alavancagem, etc.)",Não encontrado,Não encontrado,Não encontrado,,
zeroshoot,PCHS_20_Escritura-Escritura_20250904_000.pdf,COVENANTS_FINANCEIROS,Não encontrado,"Índice de Subordinação: razão mínima de 15% entre o resultado da subtração do saldo devedor dos Direitos Creditórios acrescido do valor disponível na Conta Centralizadora Principal menos o montante total das Debntures da Primeira à Sexta Série, dividido pelo saldo devedor dos Direitos Creditórios acrescido do valor disponível na Conta Centralizadora Principal. Critérios de Elegibilidade dos Direitos Creditórios conforme Cláusula 3.6.1. Condições de Transferência conforme Cláusula 3.6.2",Não encontrado,"Índice de Subordinação mínimo de 15%; constituição e manutenção de Fundo de Despesas, Fundo de Reserva e Fundo Garantia",Não encontrado,FALSE,"Índice de Subordinação mínimo de 15%; constituição e manutenção de Fundo de Despesas, Fundo de Reserva e Fundo Garantia"
zeroshoot,RNVA_1_Escritura-Escritura_20210401_000.pdf,COVENANTS_FINANCEIROS,Não encontrado,"Não encontrado - O documento não estabelece covenants financeiros específicos (índices ou razões financeiras). Contém apenas obrigações não pecuniárias, obrigações adicionais da Emissora e eventos de vencimento antecipado, mas sem indicadores financeiros numéricos a serem cumpridos",Não encontrado,Não encontrado,"Cláusula Sexta: Eventos de Vencimento Antecipado, incluindo inadimplência, alteração de controle, etc.",TRUE,
zeroshoot,TMER_2_Escritura-Escritura_20240202_000.pdf,COVENANTS_FINANCEIROS,Não encontrado,"A Emissora obriga-se a: (i) manter Conta Centralizadora em Banco Autorizado; (ii) aplicar recursos exclusivamente em Investimentos Permitidos especificados (CDB, fundos de renda fixa DI, operações compromissadas); (iii) seguir rigorosamente a Ordem de Alocação de Recursos estabelecida; (iv) manter Reserva de Despesas e Encargos e Reserva de Liquidação; (v) cumprir obrigações de divulgação incluindo Relatório Mensal de Acompanhamento; (vi) não contrair dívidas adicionais sem aprovação; (vii) não alienar, onerar ou ceder Direitos Creditórios Vinculados; (viii) manter todas as autorizações regulatórias; (ix) cumprir Legislação Anticorrupção e Socioambiental",Não encontrado,Não encontrado,Não encontrado,TRUE,
zeroshoot,TPER_1_Escritura-Escritura_20231221_001.pdf,COVENANTS_FINANCEIROS,Não encontrado,Não encontrado,Não encontrado,Eventos de Inadimplemento conforme Cláusula 6.28,Não encontrado,TRUE,
zeroshoot,TPER_1_Escritura-Escritura_20231221_001.pdf,PUBLICO_ALVO,Não encontrado,Não encontrado,junto aos investidores,público,Não encontrado,TRUE,
zeroshoot,TRPL_15_Escritura-Escritura_20240216_000.pdf,COVENANTS_FINANCEIROS,Não encontrado,"Não encontrado cláusula específica de covenants financeiros. O documento menciona obrigações de fazer e não fazer, eventos de vencimento antecipado (incluindo: protesto de títulos superiores a R$ 215.000.000,00 atualizado pelo IPCA; descumprimento de sentença judicial transitada em julgado superior a R$ 215.000.000,00 atualizado pelo IPCA; alteração ou transferência do Controle da Emissora, exceto se permanecer sob Controle do Governo da Colômbia; violação de Leis Anticorrupção; pagamento de dividendos em caso de inadimplência com as debêntures), mas não estabelece índices ou ratios financeiros específicos (como ICSD, alavancagem, etc.)",No encontrado,"Cláusula 8: Eventos de Vencimento Antecipado (ex.: inadimplência > R$ 215.000.000,00; falência; rescisão de concessão >15% receitas); Cláusula 9: Obrigações adicionais (ex.: entrega de DFs, manutenção de rating mínimo Fitch AAA(bra))","Eventos de vencimento antecipado incluindo inadimplemento, falncia, alterao de controle (exceto sob Governo da Colmbia), etc.; obrigaes adicionais como fornecimento de informaes financeiras e manuteno de classificao de risco",TRUE,
zeroshoot,TVXV_1_Escritura-Escritura_20210111_000.pdf,COVENANTS_FINANCEIROS,Não encontrado,"Múltiplos covenants incluindo: (i) não pagamento de obrigações pecuniárias; (ii) descumprimento de obrigações não pecuniárias; (iii) rescisão do Contrato de Cobrança; (iv) oneração dos bens da Garantia; (v) protestos acima de R$1.000.000,00; (vi) falta de pagamento de dívidas superiores a R$1.000.000,00; (vii) alteração do objeto social; (viii) operações de reorganização societária sem anuência; (ix) mudança de controle; (x) utilização indevida dos recursos; (xi) pagamento de dividendos exceto obrigatórios; (xii) constituição de gravames; (xiii) vencimento antecipado de outras dívidas acima de R$1.000.000,00; (xiv) redução de capital sem anuência; (xv) eventos de recuperação judicial, extrajudicial ou falência; (xvi) liquidação, dissolução ou insolvência",Não encontrado,"Eventos de Vencimento Antecipado listados na Cláusula 5.5, incluindo inadimplência, não cumprimento de obrigações, rescisão de contratos, gravames, etc.",Não encontrado,TRUE,
zeroshoot,UFVP_1_Escritura-Escritura_20220916_000.pdf,COVENANTS_FINANCEIROS,Não encontrado,Não encontrado,"inadimplemento, pela Emissora ou pela Fiadora, de quaisquer obrigaes pecunirias a que esteja sujeita, como e quando tais obrigaes tornaram-se exigveis, observados os perodos de cura, quando houver, e, no caso de no haver previso de prazo de cura especfico, dentro de 5 cinco Dias teis, obrigao essa, a no caso da Emissora, em valor agregado superior a R20.000.000,00 vinte milhes de reais, e b no caso da Fiadora, em valor agregado superior a R100.000.000,00 cem milhes, em ambos os casos, reajustados anualmente, a partir da Data de Incio da Rentabilidade, pela variao do IPCA, ou outro ndice que venha a substitu-lo, ou o seu equivalente em outras moedas; protesto legtimo de ttulos contra a Emissora ou a Fiadora, no mercado local ou internacional, a no caso da Emissora, em valor que, individualmente ou de forma agregada, ultrapasse o valor de R20.000.000,00 vinte milhes de reais, e b no caso da Fiadora, em valor que, individualmente ou de forma agregada, ultrapasse o valor de R100.000.000,00 cem milhes; se a Emissora vender, ceder, locar ou de qualquer forma alienar a totalidade ou parte de seus bens, ativos eou participaes societrias, de forma que represente uma reduo de 10 dez por cento da receita lquida consolidada da Emissora dos ltimos 12 doze meses",Não encontrado,Não encontrado,TRUE,
zeroshoot,VECS_1_Escritura-Escritura_20220705_000.pdf,COVENANTS_FINANCEIROS,Não encontrado,Não encontrado,"Razo de Subordinao / Razo Mnima de Subordinao: (i) Evento de Vencimento Antecipado Automtico: caso a Razo de Subordinao fique abaixo do percentual de 101,52 cento e um inteiros e cinquenta e dois centsimos por cento por 15 quinze dias consecutivos ou 20 vinte dias alternados. (ii) Evento de Vencimento Antecipado No Automtico: caso a Razo de Subordinao fique, por 15 quinze dias consecutivos ou 20 vinte dias alternados abaixo do percentual de 103,09 cento e trs inteiros e nove centsimos por cento, porm acima do percentual de 101,52 cento e um inteiros e cinquenta e dois centsimos por cento.","Manutenção da Razão de Subordinação mínima de 101,52%; Alocação Mínima de 50% dos recursos em 90 dias; Reserva de Caixa e Despesas; demais em Cláusula 6",Manutenção de Reserva de Caixa e Reserva de Despesas e Encargos; Razão de Subordinação mínima; Alocação Mínima de 50% dos recursos em 90 dias; Eventos de Vencimento Antecipado listados na Cláusula 6,TRUE,
zeroshoot,VSCF_8_Escritura-Escritura_20250117_000.pdf,COVENANTS_FINANCEIROS,Não encontrado,"Excesso de Retorno Mínimo: não inferior a 5% ao ano; Índice de Arrecadação: Curva Observada não inferior a 90% da Curva Esperada; Índice de Perdas Over60 e Over90; Índice de Inadimplência; Ágio Máximo Permitido conforme Anexo VIII; Razão Mínima de Subordinação; Fundo de Reserva: mínimo de R$ 13.500.000,00; Fundo de Despesas e Encargos: equivalente a 3 meses de Despesas","Excesso de Retorno Mnimo ... no poder ser inferior a 5 cinco por cento ao ano. ... desenquadramento da Razo de Subordinao a nvel inferior a 20 vinte por cento. ... ndice de Arrecadao ... valor inferior a 90 noventa por cento. ... caso o ndice de Perdas Over90 seja igual ou superior a 3,5 trs inteiros e cinco dcimos por cento ... verificao ... que o ndice de Inadimplncia superior a 5 cinco por cento.",Razão Mínima de Subordinação de 20%; Índice de Perdas Over60 ≤ 5%; Índice de Perdas Over90; outros conforme Cláusulas 5 e 6,Não encontrado,TRUE,
zeroshoot,VVEO_6_Escritura-Escritura_20221019_000.pdf,COVENANTS_FINANCEIROS,Não encontrado,Não encontrado,"No observncia do ndice Dvida Lquida Financeira/EBITDA menor ou igual a 3,5 vezes.","Dívida Líquida Financeira / EBITDA ≤ 3,5x",Não encontrado,FALSE,"Dívida Líquida Financeira / EBITDA ≤ 3,5x"
zeroshoot,VVEO_7_Escritura-Escritura_20250430_000.pdf,DATA_DE_EMISSAO,Não encontrado,30 de abril de 2024,30 DE ABRIL DE 2024,30 de abril de 2024,Não encontrado,FALSE,30 de abril de 2024
zeroshoot,VVEO_7_Escritura-Escritura_20250430_000.pdf,PRAZO_DE_VENCIMENTO,Não encontrado,"Não há data expressa de vencimento final na escritura. Há previsão de amortização de 50% em 08/05/2028 e 100% do saldo na Data de Vencimento das Debêntures, sem especificação da data exata",Não encontrado,Data de Vencimento das Debêntures (cronograma: 50% em 08.05.2028 e 100% do saldo na Data de Vencimento),Não encontrado,TRUE,
zeroshoot,XPEN_1_Escritura-Escritura_20211206_000.pdf,COVENANTS_FINANCEIROS,Não encontrado,"Não foram identificados covenants financeiros específicos (índices financeiros). O documento estabelece eventos de vencimento antecipado relacionados a inadimplemento de obrigações financeiras igual ou superior a R$20.000.000,00 e descumprimento de decisões judiciais/administrativas de valor igual ou superior a R$20.000.000,00, mas não há obrigação de manutenção de índices financeiros típicos",Não encontrado,Não encontrado,Eventos de Vencimento Antecipado (Cláusula 7),TRUE,5 anos
zeroshoot,XXIX21_Escritura-Escritura_20230112_000.pdf,COVENANTS_FINANCEIROS,Não encontrado,Não encontrado,"O limite de concentração da carteira de direitos creditórios que comporá o lastro das Debêntures deverá ter limitação de (i) 20% (vinte por cento) do Valor Total da Emissão por devedor quando se tratar de single name; e (ii) 30% (trinta por cento) do Valor Total da Emissão quando se tratar de carteira de crédito. A Emissão contará com um Fundo de Reservas, no montante mínimo de R$ 500.000,00 (quinhentos mil reais).",Não encontrado,Não encontrado,TRUE,
zeroshoot,ZMPT_1_Escritura_20180611_000.pdf,AMORTIZACAO,Não encontrado,"Amortização em 24 (vinte e quatro) parcelas mensais, iguais e sucessivas",Não encontrado,Não encontrado,Não encontrado,TRUE,
zeroshoot,ZMPT_1_Escritura_20180611_000.pdf,CNPJ_DO_EMISSOR,Não encontrado,26.896.348/0001-73,Não encontrado,Não encontrado,Não encontrado,TRUE,
zeroshoot,ZMPT_1_Escritura_20180611_000.pdf,DATA_DE_EMISSAO,Não encontrado,11 de junho de 2018,Não encontrado,Não encontrado,Não encontrado,TRUE,
zeroshoot,ZMPT_1_Escritura_20180611_000.pdf,DESTINACAO_DOS_RECURSOS,Não encontrado,Para capital de giro e investimentos da Emissora,Não encontrado,Não encontrado,Não encontrado,FALSE,Para capital de giro e investimentos da Emissora
zeroshoot,ZMPT_1_Escritura_20180611_000.pdf,NUMERO_DA_EMISSAO,Não encontrado,1ª (primeira) emissão,Não encontrado,Não encontrado,Não encontrado,FALSE,1ª (primeira) emissão
zeroshoot,ZMPT_1_Escritura_20180611_000.pdf,PRAZO_DE_VENCIMENTO,Não encontrado,11 de junho de 2037,Não encontrado,Não encontrado,Não encontrado,TRUE,
zeroshoot,ZMPT_1_Escritura_20180611_000.pdf,PUBLICO_ALVO,Não encontrado,Investidores profissionais,Não encontrado,Não encontrado,Não encontrado,FALSE,Investidores profissionais
zeroshoot,ZMPT_1_Escritura_20180611_000.pdf,TAXA_DE_JUROS_REMUNERATORIOS,Não encontrado,100% (cem por cento) da variação acumulada das taxas médias diárias dos DI - Depósitos Interfinanceiros de um dia,Não encontrado,Não encontrado,Não encontrado,TRUE,"100% do CDI + 3,00% ao ano, base 252 dias úteis"
zeroshoot,ZMPT_1_Escritura_20180611_000.pdf,VALOR_TOTAL_DA_EMISSAO,Não encontrado,"R$ 30.000.000,00 (trinta milhões de reais)",Não encontrado,Não encontrado,Não encontrado,TRUE,
